<?xml version="1.0" encoding="UTF-8"?>
<!DOCTYPE mapper PUBLIC "-//mybatis.org//DTD Mapper 3.0//EN" "http://mybatis.org/dtd/mybatis-3-mapper.dtd">
<mapper namespace="com.ssafy.happyhouse.model.mapper.CommentMapper">

    <select id="selectComment" resultType="CommentDto">
        SELECT comment_num, comment_writer, comment_content, DATE(write_date) AS write_date
        FROM comment
        WHERE board_num = #{num}
    </select>

    <insert id="insertComment" parameterType="CommentDto">
        INSERT INTO comment (board_num, comment_writer, comment_content, write_date)
        VALUES (#{board_num}, #{comment_writer}, #{comment_content}, now())
    </insert>

    <update id="updateComment" parameterType="CommentDto">
        UPDATE comment
        SET comment_content = #{comment_content}
        WHERE comment_num = #{comment_num} AND comment_writer = #{comment_writer}
    </update>

    <delete id="deleteComment">
        DELETE FROM comment
        WHERE comment_num = #{num} AND comment_writer = #{id}
    </delete>

    <delete id="deleteAllComment" parameterType="int">
        DELETE FROM comment
        WHERE board_num = #{num}
    </delete>
</mapper>