<?xml version="1.0" encoding="UTF-8"?>
<!DOCTYPE mapper PUBLIC "-//mybatis.org//DTD Mapper 3.0//EN" "http://mybatis.org/dtd/mybatis-3-mapper.dtd">
<mapper namespace="com.ssafy.happyhouse.model.mapper.HouseMapper">

    <select id="selectGuList" resultType="GuDto">
        SELECT gu_code, gu_name
        FROM gu;
    </select>

    <select id="selectDongList" resultType="DongDto">
        SELECT dong_code, dong_name
        FROM dong
        WHERE dong_code LIKE CONCAT(#{param},'%')
    </select>



    <select id="selectBusInfo" resultType="LatLngDto">
        SELECT bus_id as id, bus_lat as lat, bus_lng as lng
        FROM bus_info
        WHERE (bus_lat BETWEEN #{minLat} AND #{maxLat})
        AND (bus_lng BETWEEN #{minLng} AND #{maxLng})
    </select>

    <select id="selectCctvInfo" resultType="LatLngDto">
        SELECT cctv_no as id, cctv_lat as lat, cctv_lng as lng
        FROM cctv_info
        WHERE (cctv_lat BETWEEN #{minLat} AND #{maxLat})
          AND (cctv_lng BETWEEN #{minLng} AND #{maxLng})
    </select>

    <select id="selectCoronaInfo" resultType="CoronaDto">
        SELECT clinic_no, clinic_name, weekday_time, saturday_time, sunday_time, phone_number, clinic_lat, clinic_lng
        FROM corona_clinic
        WHERE (clinic_lat BETWEEN #{minLat} AND #{maxLat})
          AND (clinic_lng BETWEEN #{minLng} AND #{maxLng})
    </select>

    <select id="selectSchoolInfo" resultType="SchoolDto">
        SELECT school_id, school_name, school_grade, school_jibun, school_lat as lat, school_lng as lng
        FROM school_info
        WHERE (school_lat BETWEEN #{minLat} AND #{maxLat})
          AND (school_lng BETWEEN #{minLng} AND #{maxLng})
    </select>

    <select id="selectHouseInfo" resultType="SearchResultDto">
        SELECT deal_no, deal_amount, area, floor, house_name, jibun, house_lat, house_lng, type
        FROM house_deal hd
                 JOIN (SELECT house_no, house_name, jibun, house_lat, house_lng, type
                       FROM house_info
                       WHERE (house_lat BETWEEN #{minLat} AND #{maxLat})
                         AND (house_lng BETWEEN #{minLng} AND #{maxLng})) as hi
                ON hd.house_no = hi.house_no;
    </select>

    <select id="selectSearch" resultType="SearchResultDto">
        SELECT deal_no, deal_amount, area, floor, house_name, jibun, house_lat, house_lng, type
        FROM house_deal hd
            JOIN (SELECT house_no, house_name, jibun, house_lat, house_lng, type
                FROM house_info
                WHERE gu_code = #{gu_code} AND dong_code = #{dong_code} ) as hi
        ON hd.house_no = hi.house_no
        WHERE house_name LIKE CONCAT('%',#{name},'%') AND type = #{type}
    </select>






    <select id="selectTest1" resultType="TestDto">
        SELECT clinic_no as id, clinic_loc as jibun
        FROM corona_clinic
    </select>

    <select id="selectTest2" resultType="TestDto">
        SELECT subway_no as id, subway_jibun as jibun
        FROM subway_info
    </select>

    <update id="updateTest1">
        UPDATE corona_clinic
        SET clinic_lat = #{clinic_lat}, clinic_lng = #{clinic_lng}
        WHERE clinic_no = #{clinic_no}
    </update>

    <update id="updateTest2">
        UPDATE subway_info
        SET subway_lat = #{subway_lat}, subway_lng = #{subway_lng}
        WHERE subway_no = #{subway_no}
    </update>
</mapper>