<?xml version="1.0" encoding="UTF-8"?>
<!DOCTYPE mapper PUBLIC "-//mybatis.org//DTD Mapper 3.0//EN" "http://mybatis.org/dtd/mybatis-3-mapper.dtd">
<mapper namespace="com.ssafy.happyhouse.model.mapper.MemberMapper">

    <select id="selectWithIdAndPw" resultType="MemberDto">
		SELECT user_id, user_password, user_email, user_info
		FROM member
		WHERE user_id = #{user_id} AND user_password = #{user_password}
	</select>

    <insert id="insertMember" parameterType="MemberDto">
		INSERT INTO member (user_id, user_password, user_email, user_info)
		VALUES(#{user_id}, #{user_password}, #{user_email}, #{user_info})
	</insert>

    <select id="selectCheckId" resultType="int">
		SELECT COUNT(*)
		FROM member
		WHERE user_id = #{user_id}
	</select>

    <update id="updateMemberPassword" parameterType="MemberDto">
		UPDATE member
		SET user_password = #{user_password}
		WHERE user_id = #{user_id}
	</update>

	<update id="updateMemberEmail" parameterType="MemberDto">
		UPDATE member
		SET user_email = #{user_email}
		WHERE user_id = #{user_id}
	</update>

	<select id="selectMember" resultType="MemberDto">
		SELECT user_id, user_password, user_email, user_info
		FROM member
		WHERE user_id = #{user_id}
	</select>
</mapper>
